phone_e164,name,address,website,campaign_link
16106382940,Creative Comfort Solutions Heating & Air Conditioning,"34 E Glenolden Ave, Glenolden, PA 19036, USA",https://creativecomfortsolutions.com/?utm_source=google&utm_medium=organic&utm_campaign=glenolden_gbp,https://www.delcotechdivision.com/?src=sms&biz=Creative%20Comfort%20Solutions%20Heating%20%26%20Air%20Conditioning&to=16106382940
16105297372,Perfect Degree HVAC,"4610 State Rd, Drexel Hill, PA 19026, USA",https://www.perfectdegreehvac.net/,https://www.delcotechdivision.com/?src=sms&biz=Perfect%20Degree%20HVAC&to=16105297372
16109375357,SK Heating and Air Conditioning,"339 Montgomery Ave, Bala Cynwyd, PA 19004, USA",http://www.skcomfort.com/,https://www.delcotechdivision.com/?src=sms&biz=SK%20Heating%20and%20Air%20Conditioning&to=16109375357
12154166557,Superior Comfort Heating & Cooling LLC,"545 N 58th St, Philadelphia, PA 19131, USA",http://www.phillyhvacpro.com/,https://www.delcotechdivision.com/?src=sms&biz=Superior%20Comfort%20Heating%20%26%20Cooling%20LLC&to=12154166557
16105328744,H & H Heating and Air Conditioning Inc.,"3 Industrial Hwy, Essington, PA 19029, USA",https://www.delcohvac.com/?utm_source=Google&utm_medium=Organic&utm_campaign=GMB,https://www.delcotechdivision.com/?src=sms&biz=H%20%26%20H%20Heating%20and%20Air%20Conditioning%20Inc.&to=16105328744
12152847583,AirMaster Heating & Cooling Specialists,"5545 Baynton St, Philadelphia, PA 19144, USA",https://www.airmasterpa.com/?utm_source=gbp&utm_medium=organic&utm_campaign=smp_gbp_philly,https://www.delcotechdivision.com/?src=sms&biz=AirMaster%20Heating%20%26%20Cooling%20Specialists&to=12152847583
14843765429,Adam Home Services,"200 West Chester Pike, Havertown, PA 19083, USA",https://adammechanical.com/?utm_source=gmb&utm_medium=organic,https://www.delcotechdivision.com/?src=sms&biz=Adam%20Home%20Services&to=14843765429
16105908877,Heat-N-Air Guys,"1134 Main St, Darby, PA 19023, USA",http://www.heatnairguys.com/,https://www.delcotechdivision.com/?src=sms&biz=Heat-N-Air%20Guys&to=16105908877
12674197922,GEN3 Electric & HVAC,"1257 S 26th St, Philadelphia, PA 19146, USA",https://generation3electric.com/,https://www.delcotechdivision.com/?src=sms&biz=GEN3%20Electric%20%26%20HVAC&to=12674197922
16106723046,PJ MAC HVAC Service & Repair,"642 Harper Ave, Drexel Hill, PA 19026, USA",https://pjmachvac.com/drexel-hill-ac-heating-repair-install/,https://www.delcotechdivision.com/?src=sms&biz=PJ%20MAC%20HVAC%20Service%20%26%20Repair&to=16106723046
12152789690,"Stallion Heating, Plumbing, Air Conditioning","1641 Delmar Dr, Folcroft, PA 19032, USA",https://www.26stallion.com/?utm_source=google-business-profile&utm_medium=organic&utm_campaign=business-listing&utm_content=stallion,https://www.delcotechdivision.com/?src=sms&biz=Stallion%20Heating%2C%20Plumbing%2C%20Air%20Conditioning&to=12152789690
12153339700,"Green Heating, Cooling & Electric","6915 Castor Ave, Philadelphia, PA 19149, USA",http://www.greenhvacair.com/,https://www.delcotechdivision.com/?src=sms&biz=Green%20Heating%2C%20Cooling%20%26%20Electric&to=12153339700
14844782284,Bailey Heating & Cooling LLC,"1201 Alfred Ave, Yeadon, PA 19050, USA",,https://www.delcotechdivision.com/?src=sms&biz=Bailey%20Heating%20%26%20Cooling%20LLC&to=14844782284
16106151181,O'Brien Heating & Air Conditioning,"381 Burmont Rd, Drexel Hill, PA 19026, USA",https://ocomfort.com/?utm_source=google&utm_medium=organic&utm_campaign=GMBListing-Drexel-Hill-PA,https://www.delcotechdivision.com/?src=sms&biz=O%27Brien%20Heating%20%26%20Air%20Conditioning&to=16106151181
12672140111,Philly's Heating and Cooling,"3738 Melon St, Philadelphia, PA 19104, USA",,https://www.delcotechdivision.com/?src=sms&biz=Philly%27s%20Heating%20and%20Cooling&to=12672140111
12673000838,Cabrera & Sons Heating & Air Conditioning,"333 Spring Garden St, Philadelphia, PA 19123, USA",https://cabrerasonsroofingconstruction.com/philadelphia-pa-4/,https://www.delcotechdivision.com/?src=sms&biz=Cabrera%20%26%20Sons%20Heating%20%26%20Air%20Conditioning&to=12673000838
16107237274,"Boyle Energy - Heating, Air Conditioning, Oil & Propane","40 W Manoa Rd, Havertown, PA 19083, USA",https://boylebrothersenergy.com/?utm_source=Google+My+Business&utm_medium=Organic,https://www.delcotechdivision.com/?src=sms&biz=Boyle%20Energy%20-%20Heating%2C%20Air%20Conditioning%2C%20Oil%20%26%20Propane&to=16107237274
12673472657,NextGen Heating and Air Conditioning,"2435 S Bancroft St, Philadelphia, PA 19145, USA",https://www.nextgenhvac.co/,https://www.delcotechdivision.com/?src=sms&biz=NextGen%20Heating%20and%20Air%20Conditioning&to=12673472657
12155585590,Aktion Air,"653 N 15th St, Philadelphia, PA 19130, USA",http://www.aktionair.com/,https://www.delcotechdivision.com/?src=sms&biz=Aktion%20Air&to=12155585590
12676567414,Tri-County HVAC & Contracting,"360 W Hortter St, Philadelphia, PA 19119, USA",https://tricountyhvacandcontracting.com/,https://www.delcotechdivision.com/?src=sms&biz=Tri-County%20HVAC%20%26%20Contracting&to=12676567414
12155677700,Green Heating & Cooling Elec,"Philadelphia, PA 19103, USA",https://www.greenhvacair.com/,https://www.delcotechdivision.com/?src=sms&biz=Green%20Heating%20%26%20Cooling%20Elec&to=12155677700
12159184962,Air Changes Heating & Cooling LLC,"614 Tyson Ave 1st flr, Philadelphia, PA 19111, USA",https://www.airchangeshvac.com/,https://www.delcotechdivision.com/?src=sms&biz=Air%20Changes%20Heating%20%26%20Cooling%20LLC&to=12159184962
12154828800,Summers Quality Services,"8200 Ridge Ave, Philadelphia, PA 19128, USA",https://www.summersquality.com/?utm_source=gmb&utm_medium=organic,https://www.delcotechdivision.com/?src=sms&biz=Summers%20Quality%20Services&to=12154828800
12159433500,Meenan,"8301 Lansdowne Ave, Upper Darby Township, PA 19082, USA",https://www.meenan.com/g/upper-darby-pa,https://www.delcotechdivision.com/?src=sms&biz=Meenan&to=12159433500
12153306616,Family Heating & Air Conditioning,"873 Township Line Rd, Elkins Park, PA 19027, USA",https://familyhvac.com/,https://www.delcotechdivision.com/?src=sms&biz=Family%20Heating%20%26%20Air%20Conditioning&to=12153306616
16105407298,Unique Indoor Comfort Heating and Cooling,"780 5th Ave Suite 140, King of Prussia, PA 19406, USA",https://www.uniqueheatingandcooling.com/?utm_source=google&utm_medium=organic&utm_campaign=GMBListing-King-Of-Prussia-PA,https://www.delcotechdivision.com/?src=sms&biz=Unique%20Indoor%20Comfort%20Heating%20and%20Cooling&to=16105407298
14848468868,Comfort Home Heating and Cooling,"1035 Milmont Ave, Swarthmore, PA 19081, USA",https://www.comforthomeheatingandcooling.com/,https://www.delcotechdivision.com/?src=sms&biz=Comfort%20Home%20Heating%20and%20Cooling&to=14848468868
12677108134,McGinley Services Heating & Cooling,"1100 Lincoln Ave store 2, Prospect Park, PA 19076, USA",http://mcginleyservices.com/,https://www.delcotechdivision.com/?src=sms&biz=McGinley%20Services%20Heating%20%26%20Cooling&to=12677108134
18562647971,Green Mechanical LLC,"2501 Wharton St, Philadelphia, PA 19146, USA",http://greenmechanicalllc.net/,https://www.delcotechdivision.com/?src=sms&biz=Green%20Mechanical%20LLC&to=18562647971
12675877400,Northern Liberties Heating & Air Conditioning LLC,"101 W Montgomery Ave, Philadelphia, PA 19122, USA",https://www.northernlibertieshvac.com/,https://www.delcotechdivision.com/?src=sms&biz=Northern%20Liberties%20Heating%20%26%20Air%20Conditioning%20LLC&to=12675877400
12676923657,Synergy3 Heating & Cooling,"2880 Comly Rd, Philadelphia, PA 19154, USA",https://synergy3.com/,https://www.delcotechdivision.com/?src=sms&biz=Synergy3%20Heating%20%26%20Cooling&to=12676923657
12672922204,Air Masters HVAC Inc,"7347 Melrose St, Philadelphia, PA 19136, USA",https://hvacairmasters.com/,https://www.delcotechdivision.com/?src=sms&biz=Air%20Masters%20HVAC%20Inc&to=12672922204
12156241313,"W.F. Smith, Inc.","7310 State Rd., Philadelphia, PA 19136, USA",https://www.wfsmith.com/?utm_source=google&utm_medium=organic&utm_campaign=gbp-profile,https://www.delcotechdivision.com/?src=sms&biz=W.F.%20Smith%2C%20Inc.&to=12156241313
12722463715,Philadelphia Heating and Air Conditioning,"1904 E Passyunk Ave, Philadelphia, PA 19148, USA",,https://www.delcotechdivision.com/?src=sms&biz=Philadelphia%20Heating%20and%20Air%20Conditioning&to=12722463715
12674569255,"Dr HVAC, LLC","3146 N Franklin St, Philadelphia, PA 19133, USA",,https://www.delcotechdivision.com/?src=sms&biz=Dr%20HVAC%2C%20LLC&to=12674569255
12153100116,Cold 1 Services,"2611 E Monmouth St, Philadelphia, PA 19134, USA",https://www.cold1services.com/,https://www.delcotechdivision.com/?src=sms&biz=Cold%201%20Services&to=12153100116
16104246447,PJ MAC HVAC Service & Repair,"130 Naudain St #202, Philadelphia, PA 19147, USA",https://pjmachvac.com/naudain-philadelphia-hvac-service/,https://www.delcotechdivision.com/?src=sms&biz=PJ%20MAC%20HVAC%20Service%20%26%20Repair&to=16104246447
12679713639,Daniels HVAC Philadelphia LLC,"1869 E Tulpehocken St, Philadelphia, PA 19138, USA",http://www.danielshvacphiladelphia.com/,https://www.delcotechdivision.com/?src=sms&biz=Daniels%20HVAC%20Philadelphia%20LLC&to=12679713639
17432498638,Sears Heating and Air Conditioning,"800 Calcon Hook Rd Ste 6, Sharon Hill, PA 19079, USA",https://www.searshomeservices.com/repair/hvac-repair-service?utm_campaign=GMBhomeimprovement&utm_medium=organic&utm_source=GMBlisting&SID=1033898&phone=7432498638,https://www.delcotechdivision.com/?src=sms&biz=Sears%20Heating%20and%20Air%20Conditioning&to=17432498638
12153892345,Jarman Sales and Service,"2041 Point Breeze Ave, Philadelphia, PA 19145, USA",https://www.jarmansalesandservice.com/,https://www.delcotechdivision.com/?src=sms&biz=Jarman%20Sales%20and%20Service&to=12153892345
12153647775,Goodman Plumbing,"8015 Castor Ave, Philadelphia, PA 19152, USA",https://www.goodmanplumbers.com/,https://www.delcotechdivision.com/?src=sms&biz=Goodman%20Plumbing&to=12153647775
12152819376,Trustco Heating & Air,"10901 Waldemire Dr, Philadelphia, PA 19154, USA",https://www.trustcoheatingandair.com/?utm_source=google&utm_medium=organic&utm_campaign=gbp,https://www.delcotechdivision.com/?src=sms&biz=Trustco%20Heating%20%26%20Air&to=12152819376
12156886178,Green air heating&cooling,"1203 N 3rd St, Philadelphia, PA 19122, USA",https://www.greenairheatingcooling.com/,https://www.delcotechdivision.com/?src=sms&biz=Green%20air%20heating%26cooling&to=12156886178
12157221500,Global Services,"7707 Castor Ave, Philadelphia, PA 19152, USA",https://globalservicesnow.com/,https://www.delcotechdivision.com/?src=sms&biz=Global%20Services&to=12157221500
12154765006,Martin Bean HVAC,"6066 Vine St, Philadelphia, PA 19139, USA",https://www.martinbeanhvac.com/,https://www.delcotechdivision.com/?src=sms&biz=Martin%20Bean%20HVAC&to=12154765006
12159216102,ACA CONTRACTING LLC,"6045 Catharine St Suite B, Philadelphia, PA 19143, USA",http://acacontractingllc.com/,https://www.delcotechdivision.com/?src=sms&biz=ACA%20CONTRACTING%20LLC&to=12159216102
12157430500,Philadelphia Gas & Electric,"4512 Paul St, Philadelphia, PA 19124, USA",http://www.pgecomfort.com/,https://www.delcotechdivision.com/?src=sms&biz=Philadelphia%20Gas%20%26%20Electric&to=12157430500
12152710682,AJM Mechanical HVAC,"203 Moore St, Philadelphia, PA 19148, USA",https://www.ajmhvac.net/,https://www.delcotechdivision.com/?src=sms&biz=AJM%20Mechanical%20HVAC&to=12152710682
18562494700,"Hutchinson - Air Conditioning, Heating, Plumbing & Electrical","621 Chapel Ave E, Cherry Hill Township, NJ 08034, USA",https://www.hutchbiz.com/?utm_source=google&utm_medium=gbp&utm_campaign=HUT0100-WEB009-GBP&utm_crid=HUT0100_WEB009_204327559,https://www.delcotechdivision.com/?src=sms&biz=Hutchinson%20-%20Air%20Conditioning%2C%20Heating%2C%20Plumbing%20%26%20Electrical&to=18562494700
12152928861,That HVAC Guy and Plumbing,"1013 E Pleasant Ave, Wyndmoor, PA 19038, USA",https://www.thathvacguy.com/,https://www.delcotechdivision.com/?src=sms&biz=That%20HVAC%20Guy%20and%20Plumbing&to=12152928861
12153012929,CLIMA HVAC,"2624 S Carlisle St, Philadelphia, PA 19145, USA",,https://www.delcotechdivision.com/?src=sms&biz=CLIMA%20HVAC&to=12153012929
12675788360,"Cardullo Mechanical, LLC","703 Christian St, Philadelphia, PA 19147, USA",https://cardullomechanical.com/,https://www.delcotechdivision.com/?src=sms&biz=Cardullo%20Mechanical%2C%20LLC&to=12675788360
14842221233,Green Air Concepts HVAC,"218 Ardmore Ave, Ardmore, PA 19003, USA",https://greenairconcepts.net/?utm_source=GBP&utm_medium=GBP-Profile&utm_campaign=GBP-Organic,https://www.delcotechdivision.com/?src=sms&biz=Green%20Air%20Concepts%20HVAC&to=14842221233
12672824999,AirLife Smart HVAC & Air Purification,"12135 Academy Rd APT 83, Philadelphia, PA 19154, USA",http://callairlife.com/,https://www.delcotechdivision.com/?src=sms&biz=AirLife%20Smart%20HVAC%20%26%20Air%20Purification&to=12672824999
16104399447,"Sila Heating, Air Conditioning, Plumbing & Electrical","290 Hansen Access Rd, King of Prussia, PA 19406, USA",https://philadelphia.sila.com/?utm_source=google&utm_medium=organic,https://www.delcotechdivision.com/?src=sms&biz=Sila%20Heating%2C%20Air%20Conditioning%2C%20Plumbing%20%26%20Electrical&to=16104399447
12159996902,Sanks Mechanical - Heating & Cooling,"9317 Keystone St, Philadelphia, PA 19114, USA",https://sanksmechanical.com/?utm_source=google&utm_medium=organic&utm_campaign=gmblisting,https://www.delcotechdivision.com/?src=sms&biz=Sanks%20Mechanical%20-%20Heating%20%26%20Cooling&to=12159996902
12158520800,Air Changes Heating & Cooling LLC,"780 Bristol Pike Rear, Bensalem, PA 19020, USA",https://www.airchangeshvac.com/,https://www.delcotechdivision.com/?src=sms&biz=Air%20Changes%20Heating%20%26%20Cooling%20LLC&to=12158520800
16103259966,"Borden Heating & Cooling, Inc.","501 Abbott Dr, Broomall, PA 19008, USA",http://www.bordenco.com/?utm_source=google-my-business&utm_medium=organic,https://www.delcotechdivision.com/?src=sms&biz=Borden%20Heating%20%26%20Cooling%2C%20Inc.&to=16103259966
12679886065,PETER MECHANICAL LLC,"1811 Tolbut St, Philadelphia, PA 19152, USA",https://www.petermechanical.com/?utm_source=google-gmb-maps&utm_medium=gmb-website-button&utm_campaign=locl.io&utm_content=29e2bf59-940d-430c-a29f-8abc951d6d7e,https://www.delcotechdivision.com/?src=sms&biz=PETER%20MECHANICAL%20LLC&to=12679886065
16109570002,"DelFera Heating, Cooling & Electric, Co.","3581 Concord Rd, Aston Township, PA 19014, USA",http://www.delfera.com/,https://www.delcotechdivision.com/?src=sms&biz=DelFera%20Heating%2C%20Cooling%20%26%20Electric%2C%20Co.&to=16109570002
14849699524,"Dream Team - Plumbing, Heating, Cooling, & Electric","300 S Pennell Rd Suite 200, Media, PA 19063, USA",https://dreamteampa.com/media/?utm_source=organic&utm_medium=gbp&utm_campaign=Media+GBP,https://www.delcotechdivision.com/?src=sms&biz=Dream%20Team%20-%20Plumbing%2C%20Heating%2C%20Cooling%2C%20%26%20Electric&to=14849699524
16106498080,McLoughlin Plumbing Heating & Cooling,"8649 West Chester Pike, Upper Darby Township, PA 19082, USA",https://www.mcloughlinphc.com/?utm_source=google-business-profile&utm_medium=organic&utm_campaign=business-listing&utm_content=mcloughlin,https://www.delcotechdivision.com/?src=sms&biz=McLoughlin%20Plumbing%20Heating%20%26%20Cooling&to=16106498080
16104672223,Oliver Heating and Cooling,"101 Waverly Ave, Morton, PA 19070, USA",https://www.oliverheatcool.com/?utm_source=GoogleMyBusiness&utm_medium=organic&utm_campaign=GMBListingPA,https://www.delcotechdivision.com/?src=sms&biz=Oliver%20Heating%20and%20Cooling&to=16104672223
16105006416,Middletown HVAC,"1275 Middletown Rd, Glen Mills, PA 19342, USA",https://mtownhvac.com/,https://www.delcotechdivision.com/?src=sms&biz=Middletown%20HVAC&to=16105006416
16104467877,John Cipollone Inc,"600 Darby Rd, Havertown, PA 19083, USA",https://www.johncipollone.com/,https://www.delcotechdivision.com/?src=sms&biz=John%20Cipollone%20Inc&to=16104467877
16105654778,Pompetti Heating & Air Conditioning,"410 Taylor St, Media, PA 19063, USA",http://pompettihvac.com/,https://www.delcotechdivision.com/?src=sms&biz=Pompetti%20Heating%20%26%20Air%20Conditioning&to=16105654778
14842558269,"Dream Team - Plumbing, Heating, Cooling, & Electric","1 E Eagle Rd, Havertown, PA 19083, USA",https://dreamteampa.com/havertown/?utm_source=google&utm_medium=gbp-hav&se_campaign=GBP%20-%20Havertown,https://www.delcotechdivision.com/?src=sms&biz=Dream%20Team%20-%20Plumbing%2C%20Heating%2C%20Cooling%2C%20%26%20Electric&to=14842558269
16105348771,Cool It Heating and Air,"7 Riddlewood Dr, Media, PA 19063, USA",https://coolithvac.com/,https://www.delcotechdivision.com/?src=sms&biz=Cool%20It%20Heating%20and%20Air&to=16105348771
16105108173,"WM Henderson Heating, Cooling, Plumbing, & Electrical Inc.","511 Abbott Dr, Broomall, PA 19008, USA",https://www.wmhendersoninc.com/?utm_source=google&utm_medium=gbp&utm_campaign=WMH0100-WEB009-GBP&utm_crid=WMH0100_WEB009_134369292,https://www.delcotechdivision.com/?src=sms&biz=WM%20Henderson%20Heating%2C%20Cooling%2C%20Plumbing%2C%20%26%20Electrical%20Inc.&to=16105108173
16109698944,PATRICK’S Heating and Cooling,"302 Netherington Dr, Broomall, PA 19008, USA",https://patrickshvacservices.com/,https://www.delcotechdivision.com/?src=sms&biz=PATRICK%E2%80%99S%20Heating%20and%20Cooling&to=16109698944
16106232789,"Walsh Brothers Plumbing and Mechanical Services, Inc.","500 Abbott Dr STE A, Broomall, PA 19008, USA",https://www.walshbrothersinc.com/,https://www.delcotechdivision.com/?src=sms&biz=Walsh%20Brothers%20Plumbing%20and%20Mechanical%20Services%2C%20Inc.&to=16106232789
12672491218,"Go Green Maintenance and Repair, LLC","4608 Florida Ave, Newtown Square, PA 19073, USA",https://chestercountyhvacandplumbing.com/,https://www.delcotechdivision.com/?src=sms&biz=Go%20Green%20Maintenance%20and%20Repair%2C%20LLC&to=12672491218
12672172279,Robinson Mechanical LLC,"1149 Morton Ave, Folsom, PA 19033, USA",http://www.robinsonmechanicalllc.com/,https://www.delcotechdivision.com/?src=sms&biz=Robinson%20Mechanical%20LLC&to=12672172279
12153643500,High Tech Heating and Cooling,"147 Conchester Hwy, Garnet Valley, PA 19014, USA",https://hightechheatingandcooling.com/,https://www.delcotechdivision.com/?src=sms&biz=High%20Tech%20Heating%20and%20Cooling&to=12153643500
14845736393,"Harris Plumbing, Heating, Air & Electrical","105 W 3rd St Suite 102, Media, PA 19063, USA",https://www.callharrisnow.com/?utm_source=google&utm_medium=gbp-pa&se_campaign=GBP%20-%20Media%20PA,https://www.delcotechdivision.com/?src=sms&biz=Harris%20Plumbing%2C%20Heating%2C%20Air%20%26%20Electrical&to=14845736393
16106713360,HL Bowman Inc Plumbing Heating & AC,"1005 Sussex Blvd #4, Broomall, PA 19008, USA",https://hlbowman.com/locations/west-chester-pa/?utm_source=google&utm_medium=gmb&utm_campaign=west%20chester%20listing&se_campaign=Google%20My%20Business%20-%20Clicked%20to%20Website,https://www.delcotechdivision.com/?src=sms&biz=HL%20Bowman%20Inc%20Plumbing%20Heating%20%26%20AC&to=16106713360
16102282384,J Halligan & Sons,"412 Darby Rd, Havertown, PA 19083, USA",https://www.jhalliganoil.com/,https://www.delcotechdivision.com/?src=sms&biz=J%20Halligan%20%26%20Sons&to=16102282384
16105660288,R F Bondurant Plumbing & Heating,"228 Brooke St, Media, PA 19063, USA",https://rfbondurant.com/,https://www.delcotechdivision.com/?src=sms&biz=R%20F%20Bondurant%20Plumbing%20%26%20Heating&to=16105660288
14847796060,Comfort Zone Heating & Air Conditioning,"3805 West Chester Pike, Newtown Square, PA 19073, USA",https://comfortzoneheatingairconditioning.site/,https://www.delcotechdivision.com/?src=sms&biz=Comfort%20Zone%20Heating%20%26%20Air%20Conditioning&to=14847796060
14842960116,"Karalis Mechanical Services, LLC.","2035 Sproul Rd, Broomall, PA 19008, USA",https://www.karalishvac.com/?utm_source=google&utm_medium=organic&utm_campaign=gbp-listing,https://www.delcotechdivision.com/?src=sms&biz=Karalis%20Mechanical%20Services%2C%20LLC.&to=14842960116
16104246275,PJ MAC HVAC Air Duct Cleaning,"630 Fairview Rd #110, Swarthmore, PA 19081, USA",https://pjmachvac.com/air-duct-cleaning-service-swarthmore/,https://www.delcotechdivision.com/?src=sms&biz=PJ%20MAC%20HVAC%20Air%20Duct%20Cleaning&to=16104246275
14842034326,DZO Mechanical,"816 W Springfield Rd, Springfield, PA 19064, USA",https://www.dzomechanical.com/,https://www.delcotechdivision.com/?src=sms&biz=DZO%20Mechanical&to=14842034326
16104616502,"Murphy's Plumbing, Heating & Air Conditioning","565 Abbott Dr, Broomall, PA 19008, USA",http://www.murphysonmacdade.com/,https://www.delcotechdivision.com/?src=sms&biz=Murphy%27s%20Plumbing%2C%20Heating%20%26%20Air%20Conditioning&to=16104616502
13022873400,Air Control Heating & Cooling LLC,"10 Princeton Ave, Claymont, DE 19703, USA",http://www.aircontrol-hvac.com/,https://www.delcotechdivision.com/?src=sms&biz=Air%20Control%20Heating%20%26%20Cooling%20LLC&to=13022873400
14844978101,Bob's Appliance Repairs and HVAC,"2155 Armstrong Ave, Morton, PA 19070, USA",http://www.bobsappliancerepairs.com/,https://www.delcotechdivision.com/?src=sms&biz=Bob%27s%20Appliance%20Repairs%20and%20HVAC&to=14844978101
16108531100,"Charles B. Gans Plumbing, Heating & Air Conditioning","2418 Grasslyn Ave, Havertown, PA 19083, USA",http://gansplumbing.com/,https://www.delcotechdivision.com/?src=sms&biz=Charles%20B.%20Gans%20Plumbing%2C%20Heating%20%26%20Air%20Conditioning&to=16108531100
14848872655,"Timothy Off Heating, Air Conditioning & Plumbing","1330 Enterprise Dr Unit 2, West Chester, PA 19380, USA",https://timothyoffheating.com/?utm_source=google&utm_medium=organic&utm_campaign=GMB%20Listing,https://www.delcotechdivision.com/?src=sms&biz=Timothy%20Off%20Heating%2C%20Air%20Conditioning%20%26%20Plumbing&to=14848872655
12232260070,AllSeason Heating & Air Conditioning,"3737 Foulk Rd, Garnet Valley, PA 19060, USA",https://allseasonheatingairconditioning.homes/,https://www.delcotechdivision.com/?src=sms&biz=AllSeason%20Heating%20%26%20Air%20Conditioning&to=12232260070
16107341875,J Conley & Sons Plumbing and Heating,"390 Pembroke Ave, East Lansdowne, PA 19050, USA",http://www.jconley.com/,https://www.delcotechdivision.com/?src=sms&biz=J%20Conley%20%26%20Sons%20Plumbing%20and%20Heating&to=16107341875
18666719095,Wilson Oil and Propane,"221 Rogers Ln, Wallingford, PA 19086, USA",https://www.wilsonoilandpropane.com/?utm_source=gmb&utm_medium=organic&utm_campaign=uberall,https://www.delcotechdivision.com/?src=sms&biz=Wilson%20Oil%20and%20Propane&to=18666719095
16108092552,BNK Plumbing And HVAC Services,"750 Academy Terrace, Sharon Hill, PA 19079, USA",http://www.bnkplumbing-appliances.com/,https://www.delcotechdivision.com/?src=sms&biz=BNK%20Plumbing%20And%20HVAC%20Services&to=16108092552
16106629122,M. D. Mason Plumbing & Heating LLC,"212 Nassau Blvd, Prospect Park, PA 19076, USA",http://www.mdmasonplumbing.com/,https://www.delcotechdivision.com/?src=sms&biz=M.%20D.%20Mason%20Plumbing%20%26%20Heating%20LLC&to=16106629122
14845737551,Home HVAC Services,"831 West Chester Pike, West Chester, PA 19382, USA",https://www.homehvacservices.com/,https://www.delcotechdivision.com/?src=sms&biz=Home%20HVAC%20Services&to=14845737551
14844968022,GEN3 Electric & HVAC,"200 S Chester Pike, Glenolden, PA 19036, USA",https://generation3electric.com/,https://www.delcotechdivision.com/?src=sms&biz=GEN3%20Electric%20%26%20HVAC&to=14844968022
16104499677,"marvin e. kanze, inc.","1395 Lawrence Rd, Havertown, PA 19083, USA",https://www.marvinekanze.com/,https://www.delcotechdivision.com/?src=sms&biz=marvin%20e.%20kanze%2C%20inc.&to=16104499677
12152016713,Sullivan's Heating & Cooling,"1062 Oakwood Dr, Glenolden, PA 19036, USA",,https://www.delcotechdivision.com/?src=sms&biz=Sullivan%27s%20Heating%20%26%20Cooling&to=12152016713
16106422060,C & A Heating & Cooling,"2 N Keystone Ave, Upper Darby Township, PA 19082, USA",http://www.caheatingandcooling.com/,https://www.delcotechdivision.com/?src=sms&biz=C%20%26%20A%20Heating%20%26%20Cooling&to=16106422060
14844017431,Signature HVAC,"1330 Enterprise Dr, West Chester, PA 19380, USA",https://www.signaturehvac.com/?utm_source=google&utm_medium=organic&utm_campaign=GMB%20Listing,https://www.delcotechdivision.com/?src=sms&biz=Signature%20HVAC&to=14844017431
13023837036,Old School Heating & Cooling LLC,"2 Woodsedge, Claymont, DE 19703, USA",https://www.oldschoolheat.com/,https://www.delcotechdivision.com/?src=sms&biz=Old%20School%20Heating%20%26%20Cooling%20LLC&to=13023837036
14843264703,Curtis H Fischer Heating & Air,"30 Levis Ave, Media, PA 19063, USA",,https://www.delcotechdivision.com/?src=sms&biz=Curtis%20H%20Fischer%20Heating%20%26%20Air&to=14843264703
16105412490,Creative Comfort Solutions Heating & Air Conditioning,"222 Roesch Ave building 6, Oreland, PA 19075, USA",https://creativecomfortsolutions.com/?utm_source=google&utm_medium=organic&utm_campaign=oreland_gbp,https://www.delcotechdivision.com/?src=sms&biz=Creative%20Comfort%20Solutions%20Heating%20%26%20Air%20Conditioning&to=16105412490
12672141709,Air Done Right,"1048 Welsh Rd, Ambler, PA 19002, USA",https://www.airdonerighthvac.com/,https://www.delcotechdivision.com/?src=sms&biz=Air%20Done%20Right&to=12672141709
16102772656,Davis Modern Heating & Cooling,"334 W Germantown Pike, Norristown, PA 19403, USA",http://davismodern.com/,https://www.delcotechdivision.com/?src=sms&biz=Davis%20Modern%20Heating%20%26%20Cooling&to=16102772656
12159952024,Family Heating & Air Conditioning,"500 W Office Center Dr Suite 400, Fort Washington, PA 19034, USA",https://familyhvac.com/,https://www.delcotechdivision.com/?src=sms&biz=Family%20Heating%20%26%20Air%20Conditioning&to=12159952024
12674406733,Family Heating & Air Conditioning,"325 Sentry Pkwy #200, Blue Bell, PA 19422, USA",http://familyhvac.com/,https://www.delcotechdivision.com/?src=sms&biz=Family%20Heating%20%26%20Air%20Conditioning&to=12674406733
12153610900,McGlinn & Son Air Conditioning & Heating,"102 Beaumont Terrace, Lansdale, PA 19446, USA",http://www.mcglinnhvac.com/,https://www.delcotechdivision.com/?src=sms&biz=McGlinn%20%26%20Son%20Air%20Conditioning%20%26%20Heating&to=12153610900
14842465735,"Christian Heating, Cooling, Plumbing and Electrical","252 N Radnor Chester Rd #2F, Villanova, PA 19085, USA",https://www.christianhvac.com/?utm_source=google-gbp&utm_medium=organic&utm_campaign=*391*christian-villanova,https://www.delcotechdivision.com/?src=sms&biz=Christian%20Heating%2C%20Cooling%2C%20Plumbing%20and%20Electrical&to=14842465735
12153661001,EMCO Tech Heating & Cooling,"2424 Wyandotte Rd, Willow Grove, PA 19090, USA",https://emcocooling.com/,https://www.delcotechdivision.com/?src=sms&biz=EMCO%20Tech%20Heating%20%26%20Cooling&to=12153661001
16107389260,"J&B Comfort Systems, Inc.","575 S Goddard Blvd Unit 406, King of Prussia, PA 19406, USA",http://www.jbcomfort.com/,https://www.delcotechdivision.com/?src=sms&biz=J%26B%20Comfort%20Systems%2C%20Inc.&to=16107389260
12155159693,C&C Heating & Air Conditioning,"800 Hagey Rd, Souderton, PA 18964, USA",https://cc-hvac.com/?utm_source=Google&utm_medium=Google+Business+Profile&utm_campaign=GBP,https://www.delcotechdivision.com/?src=sms&biz=C%26C%20Heating%20%26%20Air%20Conditioning&to=12155159693
12158026100,"PATRICK’S HVAC Services,Montgomery county ,Pennsylvania, United States","201 Overlook Dr, Schwenksville, PA 19473, USA",https://www.patrickshvacservices.com/,https://www.delcotechdivision.com/?src=sms&biz=PATRICK%E2%80%99S%20HVAC%20Services%2CMontgomery%20county%20%2CPennsylvania%2C%20United%20States&to=12158026100
12673768482,Hertler Plumbing & HVAC,"437 Pennsylvania Ave, Fort Washington, PA 19034, USA",https://hertlerhvacplumbing.com/?utm_source=google&utm_medium=organic&utm_campaign=gbp-listing,https://www.delcotechdivision.com/?src=sms&biz=Hertler%20Plumbing%20%26%20HVAC&to=12673768482
12676808750,Lions Heating And Air Conditioning LLC,"2049 Stout Dr STE B1, Warminster, PA 18974, USA",http://www.getlions.com/,https://www.delcotechdivision.com/?src=sms&biz=Lions%20Heating%20And%20Air%20Conditioning%20LLC&to=12676808750
12153029444,Carney All Seasons,"900 Old Bethlehem Pike, Line Lexington, PA 18932, USA",https://www.carneyallseasons.com/?utm_source=google&utm_medium=gbp&utm_campaign=gbp-line-lexington-pa,https://www.delcotechdivision.com/?src=sms&biz=Carney%20All%20Seasons&to=12153029444
16108340614,Carl J Wendler Heating and Cooling,"103 Center St, Conshohocken, PA 19428, USA",https://www.cjwhvac.com/?utm_source=gbp&utm_medium=organic&utm_campaign=1seo_gbp,https://www.delcotechdivision.com/?src=sms&biz=Carl%20J%20Wendler%20Heating%20and%20Cooling&to=16108340614
16104890444,Mitchell Heating & Air Conditioning,"3421 Germantown Pike, Collegeville, PA 19426, USA",http://www.mitchellheat.com/,https://www.delcotechdivision.com/?src=sms&biz=Mitchell%20Heating%20%26%20Air%20Conditioning&to=16104890444
12156771300,AFFORDABLE FIXES Heating Cooling Plumbing,"1700 Street Rd, Southampton, PA 18966, USA",https://www.affordablehvacpa.com/,https://www.delcotechdivision.com/?src=sms&biz=AFFORDABLE%20FIXES%20Heating%20Cooling%20Plumbing&to=12156771300
16106800138,Penn Pro Heating And Cooling,"103 N 2nd St, North Wales, PA 19454, USA",,https://www.delcotechdivision.com/?src=sms&biz=Penn%20Pro%20Heating%20And%20Cooling&to=16106800138
12157039696,Family Heating & Air Conditioning,"610 Old York Rd, Jenkintown, PA 19046, USA",http://familyhvac.com/,https://www.delcotechdivision.com/?src=sms&biz=Family%20Heating%20%26%20Air%20Conditioning&to=12157039696
12157985571,Hirschberg Mechanical,"2955 Terwood Rd, Willow Grove, PA 19090, USA",https://www.hirschbergmechanical.com/,https://www.delcotechdivision.com/?src=sms&biz=Hirschberg%20Mechanical&to=12157985571
12153984399,Family Heating & Air Conditioning,"520 Elmwood Ave, Trevose, PA 19053, USA",http://familyhvac.com/,https://www.delcotechdivision.com/?src=sms&biz=Family%20Heating%20%26%20Air%20Conditioning&to=12153984399
12154885273,"Donnelly's Cooling, Heating & Plumbing","1 Innovation Drive, Plymouth Meeting, PA 19462, USA",https://www.4donnellys.com/service-area/plymouth-meeting-pa/?utm_source=google&utm_medium=gbp&se_campaign=Google%20Business%20Profile(GBP),https://www.delcotechdivision.com/?src=sms&biz=Donnelly%27s%20Cooling%2C%20Heating%20%26%20Plumbing&to=12154885273
16106440537,"Michall Daimion Heating & Air Conditioning, Inc.","440 E King St, Malvern, PA 19355, USA",https://www.daimion.com/,https://www.delcotechdivision.com/?src=sms&biz=Michall%20Daimion%20Heating%20%26%20Air%20Conditioning%2C%20Inc.&to=16106440537
14843003452,"PSD Heating and Cooling, LLC","141 4th St, Schwenksville, PA 19473, USA",https://psdheatingandcooling.com/,https://www.delcotechdivision.com/?src=sms&biz=PSD%20Heating%20and%20Cooling%2C%20LLC&to=14843003452
12675009038,Fusion,"1495 Valley Forge Rd, Wayne, PA 19087, USA",https://fusionhvacrepair.online/,https://www.delcotechdivision.com/?src=sms&biz=Fusion&to=12675009038
16109489505,"Quality Degree, Inc.","201 N 4th Ave, Royersford, PA 19468, USA",http://www.qdihvac.com/?utm_source=google&utm_medium=gbp&utm_campaign=maps,https://www.delcotechdivision.com/?src=sms&biz=Quality%20Degree%2C%20Inc.&to=16109489505
12155960334,Air Done Right,"333 E Lancaster Ave #341, Ardmore, PA 19003, USA",https://www.airdonerighthvac.com/,https://www.delcotechdivision.com/?src=sms&biz=Air%20Done%20Right&to=12155960334
12676273946,Chud Cooling & Heating,"1570 Old York Rd, Abington, PA 19001, USA",https://chudcompany.com/?utm_source=google&utm_medium=organic&utm_campaign=gmb,https://www.delcotechdivision.com/?src=sms&biz=Chud%20Cooling%20%26%20Heating&to=12676273946
14845760446,"Al's Heating, Cooling & Plumbing","70 Heffner Rd, Royersford, PA 19468, USA",http://www.alsheatingandcooling.com/,https://www.delcotechdivision.com/?src=sms&biz=Al%27s%20Heating%2C%20Cooling%20%26%20Plumbing&to=14845760446
14842762771,Marshall Services,"2067 Bridge Rd, Skippack, PA 19474, USA",https://www.marshallservice.com/?utm_campaign=gmb&utm_medium=organic&utm_source=gmb,https://www.delcotechdivision.com/?src=sms&biz=Marshall%20Services&to=14842762771
14846006002,Thermal Balance HVAC Repair,"136 Lancaster Ave, Devon, PA 19333, USA",https://thermalbalancehvacrepair.online/,https://www.delcotechdivision.com/?src=sms&biz=Thermal%20Balance%20HVAC%20Repair&to=14846006002
14846160590,"Plumb it Heat it Cool it: Plumbing, Drains, Heating & Cooling","2117 W Main St Rear, Norristown, PA 19403, USA",http://www.plumbitheatitcoolit.com/?utm_source=GBP&utm_medium=organic,https://www.delcotechdivision.com/?src=sms&biz=Plumb%20it%20Heat%20it%20Cool%20it%3A%20Plumbing%2C%20Drains%2C%20Heating%20%26%20Cooling&to=14846160590
12153506594,Quallet HVAC,"1410 St Charles Pl, Abington, PA 19001, USA",http://www.quallethvac.com/?utm_campaign=gmb,https://www.delcotechdivision.com/?src=sms&biz=Quallet%20HVAC&to=12153506594
12154980444,Brothers Comfort Services,"300 Brookside Ave Building 4, Suite 125, Ambler, PA 19002, USA",https://brotherscomfortservices.com/,https://www.delcotechdivision.com/?src=sms&biz=Brothers%20Comfort%20Services&to=12154980444
16104246274,PJ MAC,"650 W Lancaster Ave #A, Wayne, PA 19087, USA",https://pjmachvac.com/air-duct-cleaning-service-wayne/,https://www.delcotechdivision.com/?src=sms&biz=PJ%20MAC&to=16104246274
16105802037,Dedicated HVAC Repair Merion Station,"348 Montgomery Ave #117, Merion Station, PA 19066, USA",,https://www.delcotechdivision.com/?src=sms&biz=Dedicated%20HVAC%20Repair%20Merion%20Station&to=16105802037
14845529700,New Life Heating & AC Repair,"1494 N Charlotte St Suite 18D, Pottstown, PA 19464, USA",https://justcallnewlife.com/ac-repair/?utm_campaign=gmb,https://www.delcotechdivision.com/?src=sms&biz=New%20Life%20Heating%20%26%20AC%20Repair&to=14845529700
16103481142,Toran Heating & Air Conditioning Inc.,"45 E City Ave, Bala Cynwyd, PA 19004, USA",http://www.toranheating.com/,https://www.delcotechdivision.com/?src=sms&biz=Toran%20Heating%20%26%20Air%20Conditioning%20Inc.&to=16103481142
14849698666,Express,"812 Lancaster Ave, Berwyn, PA 19312, USA",https://expresshvacrepair.online/,https://www.delcotechdivision.com/?src=sms&biz=Express&to=14849698666
12159086433,Priority Comfort,"5 2nd Ave, Schwenksville, PA 19473, USA",https://prioritycomforthvac.com/?utm_source=google&utm_medium=organic&utm_campaign=seolocale,https://www.delcotechdivision.com/?src=sms&biz=Priority%20Comfort&to=12159086433
16105841299,Toto's Heating & Cooling,"1055 W Germantown Pike Unit 10, East Norriton Township, PA 19403, USA",http://totosheatingandcooling.com/,https://www.delcotechdivision.com/?src=sms&biz=Toto%27s%20Heating%20%26%20Cooling&to=16105841299
16106923900,Brandywine Valley Heating & Air Conditioning,"302 Commerce Dr, Exton, PA 19341, USA",http://www.bvhvac.com/,https://www.delcotechdivision.com/?src=sms&biz=Brandywine%20Valley%20Heating%20%26%20Air%20Conditioning&to=16106923900
16109189344,Precision Air Heating and Cooling,"208 Carter Dr STE 3, West Chester, PA 19382, USA",https://precisionairhc.com/,https://www.delcotechdivision.com/?src=sms&biz=Precision%20Air%20Heating%20and%20Cooling&to=16109189344
16104039977,DiBiase,"615 Sands Ct, Coatesville, PA 19320, USA",https://www.dibiasehvac.com/,https://www.delcotechdivision.com/?src=sms&biz=DiBiase&to=16104039977
16102226525,Sunrise Comfort Solutions,"833 Lincoln Ave Unit 2, West Chester, PA 19380, USA",https://sunrisecomfort.com/,https://www.delcotechdivision.com/?src=sms&biz=Sunrise%20Comfort%20Solutions&to=16102226525
16102577702,"Christian Heating, Cooling, Plumbing & Electrical","1041 Andrew Dr, West Chester, PA 19380, USA",https://www.christianhvac.com/?utm_source=google-gbp&utm_medium=organic&utm_campaign=*146*christian-heating-cooling-plumbing-electrical-west-chester,https://www.delcotechdivision.com/?src=sms&biz=Christian%20Heating%2C%20Cooling%2C%20Plumbing%20%26%20Electrical&to=16102577702
16104312626,Wesley Wood Service Experts,"319 Westtown Rd Ste A, West Chester, PA 19382, USA",https://www.wesleywood.com/?utm_source=google-business-profile&utm_medium=organic&utm_campaign=business-listing&utm_content=wesleywood,https://www.delcotechdivision.com/?src=sms&biz=Wesley%20Wood%20Service%20Experts&to=16104312626
14846132815,Tru North Heating and Air Inc.,"30 W Lancaster Ave, Downingtown, PA 19335, USA",https://trunorthhvac.com/?utm_source=gmb&utm_medium=organic,https://www.delcotechdivision.com/?src=sms&biz=Tru%20North%20Heating%20and%20Air%20Inc.&to=14846132815
16106713595,Shoemaker Heating and Cooling LLC,"3783 Horseshoe Pike, Honey Brook, PA 19344, USA",https://shoemaker-hvac.com/,https://www.delcotechdivision.com/?src=sms&biz=Shoemaker%20Heating%20and%20Cooling%20LLC&to=16106713595
16106925252,Brewer Heating & Air Conditioning,"127 Garfield Ave, West Chester, PA 19380, USA",http://www.brewersheatandair.com/,https://www.delcotechdivision.com/?src=sms&biz=Brewer%20Heating%20%26%20Air%20Conditioning&to=16106925252
16108909254,R&D Heating & Cooling Company,"503 Mill Rd, Kennett Square, PA 19348, USA",https://rdhvac.com/,https://www.delcotechdivision.com/?src=sms&biz=R%26D%20Heating%20%26%20Cooling%20Company&to=16108909254
16104246448,PJ,"627 Swedesford Rd, Malvern, PA 19355, USA",https://pjmachvac.com/swedesford-rd-malvern-hvac-service/,https://www.delcotechdivision.com/?src=sms&biz=PJ&to=16104246448
16108699477,DelFera & Son Heating & Air Conditioning,"3 Nashua Dr, West Grove, PA 19390, USA",http://delferaandson.com/,https://www.delcotechdivision.com/?src=sms&biz=DelFera%20%26%20Son%20Heating%20%26%20Air%20Conditioning&to=16108699477
14842601600,Unified HVAC Repair,"1373 Dilworthtown Rd, West Chester, PA 19382, USA",https://unifiedhvacrepair.best/,https://www.delcotechdivision.com/?src=sms&biz=Unified%20HVAC%20Repair&to=14842601600
16108858027,Meade Heating & Air Conditioning,"139 Pottstown Pike, Chester Springs, PA 19425, USA",https://meadehvac.com/?utm_source=google&utm_medium=organic&utm_campaign=GMBListing-Chester-Springs-PA,https://www.delcotechdivision.com/?src=sms&biz=Meade%20Heating%20%26%20Air%20Conditioning&to=16108858027
14846006004,Total Comfort HVAC Repair,"150 PA-282, Downingtown, PA 19335, USA",https://totalcomforthvacrepair.site/,https://www.delcotechdivision.com/?src=sms&biz=Total%20Comfort%20HVAC%20Repair&to=14846006004
16108000290,PECH HVAC AND ELECTRICIAN,"1139 Upland St, Chester, PA 19013, USA",https://pechhvac.com/,https://www.delcotechdivision.com/?src=sms&biz=PECH%20HVAC%20AND%20ELECTRICIAN&to=16108000290
14846990264,"Mattioni Plumbing, Heating & Cooling","202 W Uwchlan Ave, Downingtown, PA 19335, USA",https://www.callmattioni.com/?utm_source=google&utm_medium=organic&utm_campaign=GMBListing-Downington-PA&se_action=eyJ0eXBlIjoic2Utc2hvdy1tb2RhbCJ9&?se_campaign=gbp,https://www.delcotechdivision.com/?src=sms&biz=Mattioni%20Plumbing%2C%20Heating%20%26%20Cooling&to=14846990264
14842518696,Aire Serv of West Chester,"835 Lincoln Ave UNIT A1, West Chester, PA 19380, USA",https://aireserv.com/west-chester/?cid=LSTL_ASV-US000187&utm_source=gmb&utm_campaign=local&utm_medium=organic,https://www.delcotechdivision.com/?src=sms&biz=Aire%20Serv%20of%20West%20Chester&to=14842518696
14842624247,"Dream Team - Plumbing, Heating, Cooling, & Electric","2 E Lancaster Ave, Paoli, PA 19301, USA",https://dreamteampa.com/paoli/?utm_source=google&utm_medium=gbp-pao&se_campaign=GBP%20-%20Paoli,https://www.delcotechdivision.com/?src=sms&biz=Dream%20Team%20-%20Plumbing%2C%20Heating%2C%20Cooling%2C%20%26%20Electric&to=14842624247
16103991998,Donnelly Heating & Air Conditioning Inc,"242 Greentree Dr, West Chester, PA 19382, USA",http://www.donnellyhvac.com/,https://www.delcotechdivision.com/?src=sms&biz=Donnelly%20Heating%20%26%20Air%20Conditioning%20Inc&to=16103991998
16106927960,Battavio Plumbing Heating and Cooling,"640 Snyder Ave STE M, West Chester, PA 19382, USA",https://battavio.com/?utm_source=GMB&utm_medium=GMB&utm_campaign=GMB,https://www.delcotechdivision.com/?src=sms&biz=Battavio%20Plumbing%20Heating%20and%20Cooling&to=16106927960
14843410152,Landgarten Heating & Air Conditioning,"5 Northwood Dr #1768, Downingtown, PA 19335, USA",https://landgartenhvac.com/,https://www.delcotechdivision.com/?src=sms&biz=Landgarten%20Heating%20%26%20Air%20Conditioning&to=14843410152
16108730622,"JAMES BROWN Plumbing Heating & Air Conditioning, LLC","906 Old Fern Hill Rd Suite 3, West Chester, PA 19380, USA",http://www.jamesbrownphac.com/,https://www.delcotechdivision.com/?src=sms&biz=JAMES%20BROWN%20Plumbing%20Heating%20%26%20Air%20Conditioning%2C%20LLC&to=16108730622
14845378100,ThermaCare HVAC Repair,"965 Baltimore Pike, Glen Mills, PA 19342, USA",https://thermacarehvacrepair.online/,https://www.delcotechdivision.com/?src=sms&biz=ThermaCare%20HVAC%20Repair&to=14845378100
16104246278,PJ MAC HVAC Service & Repair,"105 Westtown Rd #C, West Chester, PA 19382, USA",https://pjmachvac.com/air-duct-cleaning-service-west-chester/,https://www.delcotechdivision.com/?src=sms&biz=PJ%20MAC%20HVAC%20Service%20%26%20Repair&to=16104246278
14842601666,Precision Climate Repair,"284 Main St, Exton, PA 19341, USA",https://precisionclimatehvacrepair.pro/,https://www.delcotechdivision.com/?src=sms&biz=Precision%20Climate%20Repair&to=14842601666
16108904314,"Sila Heating, Air Conditioning, Plumbing & Electrical","15 E Uwchlan Ave #408, Exton, PA 19341, USA",https://philadelphia.sila.com/?utm_source=google&utm_medium=organic,https://www.delcotechdivision.com/?src=sms&biz=Sila%20Heating%2C%20Air%20Conditioning%2C%20Plumbing%20%26%20Electrical&to=16108904314
16104274822,GMH Heating and Cooling Solutions Inc,"841 Lincoln Ave Suite B, West Chester, PA 19380, USA",http://hvacgmh.com/,https://www.delcotechdivision.com/?src=sms&biz=GMH%20Heating%20and%20Cooling%20Solutions%20Inc&to=16104274822
16106924900,Harmon Heating and Air Conditioning,"319 Westtown Rd Suite V, West Chester, PA 19382, USA",http://harmonhvac.com/,https://www.delcotechdivision.com/?src=sms&biz=Harmon%20Heating%20and%20Air%20Conditioning&to=16106924900
16104246273,PJ MAC HVAC Air Duct Cleaning,"53 W Baltimore Pike #201, Glen Mills, PA 19342, USA",https://pjmachvac.com/air-duct-cleaning-services-glen-mills/,https://www.delcotechdivision.com/?src=sms&biz=PJ%20MAC%20HVAC%20Air%20Duct%20Cleaning&to=16104246273
16109475255,R & J Mechanical Services,"235 E Market St #4, West Chester, PA 19382, USA",https://rjservicesair.com/,https://www.delcotechdivision.com/?src=sms&biz=R%20%26%20J%20Mechanical%20Services&to=16109475255
16104700961,Perfect Climate Heating & Cooling,"1025 W Baltimore Pike, Kennett Square, PA 19348, USA",https://www.facebook.com/Perfect-climate-heating-and-cooling-747356076009183,https://www.delcotechdivision.com/?src=sms&biz=Perfect%20Climate%20Heating%20%26%20Cooling&to=16104700961
14846036660,ComfortPros HVAC Repair,"320 US-30 BUS, Coatesville, PA 19320, USA",https://comfortproshvacrepair.site/,https://www.delcotechdivision.com/?src=sms&biz=ComfortPros%20HVAC%20Repair&to=14846036660
17173470410,Topline Heating & Air,"5051 Horseshoe Pike, Honey Brook, PA 19344, USA",https://toplineair.com/services/air-conditioning-repair-honeybrook-pa/?utm_campaign=gmb,https://www.delcotechdivision.com/?src=sms&biz=Topline%20Heating%20%26%20Air&to=17173470410
16109103575,Air Control Heating & Cooling Services,"305 Old Limestone Rd, Cochranville, PA 19330, USA",http://www.aircontrolhc.com/,https://www.delcotechdivision.com/?src=sms&biz=Air%20Control%20Heating%20%26%20Cooling%20Services&to=16109103575
14849961790,"Mattioni Plumbing, Heating & Cooling","21 Gay St Ste 903, Phoenixville, PA 19460, USA",https://www.callmattioni.com/?utm_source=google&utm_medium=organic&utm_campaign=GMB%20Listing%20Phoenixville&se_action=eyJ0eXBlIjoic2Utc2hvdy1tb2RhbCJ9&?se_campaign=gbp-p,https://www.delcotechdivision.com/?src=sms&biz=Mattioni%20Plumbing%2C%20Heating%20%26%20Cooling&to=14849961790
12159346700,"Christian Heating, Cooling, Plumbing, & Electrical","54 E Oakland Ave Suite 1A, Doylestown, PA 18901, USA",https://www.christianhvac.com/?utm_source=google-gbp&utm_medium=organic&utm_campaign=*418*christian-doylestown,https://www.delcotechdivision.com/?src=sms&biz=Christian%20Heating%2C%20Cooling%2C%20Plumbing%2C%20%26%20Electrical&to=12159346700
12156470688,Family Heating & Air Conditioning,"196 W Ashland St, Doylestown, PA 18901, USA",http://familyhvac.com/,https://www.delcotechdivision.com/?src=sms&biz=Family%20Heating%20%26%20Air%20Conditioning&to=12156470688
12156645796,"Christian Heating, Cooling, Plumbing and Electrical","1320 Industrial Blvd, Southampton, PA 18966, USA",https://www.christianhvac.com/?utm_source=google-gbp&utm_medium=organic&utm_campaign=*066*christian-heating-air-southampton,https://www.delcotechdivision.com/?src=sms&biz=Christian%20Heating%2C%20Cooling%2C%20Plumbing%20and%20Electrical&to=12156645796
12157918726,Service First Heating & Air Conditioning,"201 S Lincoln Ave, Newtown, PA 18940, USA",https://www.servicefirsthvac.com/?utm_campaign=gmb,https://www.delcotechdivision.com/?src=sms&biz=Service%20First%20Heating%20%26%20Air%20Conditioning&to=12157918726
12672552553,Goldstar Heating & Cooling,"758 Second Street Pike, Southampton, PA 18966, USA",https://goldstarphilla.com/,https://www.delcotechdivision.com/?src=sms&biz=Goldstar%20Heating%20%26%20Cooling&to=12672552553
12673564822,All Things HVAC,"4343 Southview Ln, Doylestown, PA 18902, USA",https://allthingshvac.online/?utm_source=google&utm_medium=organic&utm_campaign=seolocale,https://www.delcotechdivision.com/?src=sms&biz=All%20Things%20HVAC&to=12673564822
12672143094,Ray's Heating and Air,"1790 Langhorne Yardley Rd Suite 204, Yardley, PA 19067, USA",https://rayscomfort.com/?utm_campaign=gmb,https://www.delcotechdivision.com/?src=sms&biz=Ray%27s%20Heating%20and%20Air&to=12672143094
12153480844,Doylestown Air,"6907A Easton Rd, Pipersville, PA 18947, USA",http://www.doylestownair.com/,https://www.delcotechdivision.com/?src=sms&biz=Doylestown%20Air&to=12153480844
12159298332,"Dowd Mechanical, Heating & Air Conditioning Inc","1327 Adams Rd STE F, Bensalem, PA 19020, USA",http://dowdhvac.com/?utm_source=google&utm_medium=organic&utm_campaign=GMBListing-Bensalem-PA,https://www.delcotechdivision.com/?src=sms&biz=Dowd%20Mechanical%2C%20Heating%20%26%20Air%20Conditioning%20Inc&to=12159298332
12679305329,Hughes Heating & Air Conditioning,"1907 Pennsylvania Ave, Croydon, PA 19021, USA",https://www.hughesheatacpa.com/,https://www.delcotechdivision.com/?src=sms&biz=Hughes%20Heating%20%26%20Air%20Conditioning&to=12679305329
12154997155,Qualitech Heating and Cooling LLC,"1001 Bristol Pike Unit B Unit B, Bensalem, PA 19020, USA",http://www.qualitechair.com/,https://www.delcotechdivision.com/?src=sms&biz=Qualitech%20Heating%20and%20Cooling%20LLC&to=12154997155
12154788255,Carney All Seasons,"1100 Industrial Blvd, Southampton, PA 18966, USA",https://www.carneyallseasons.com/?utm_source=google&utm_medium=gbp&utm_campaign=gbp-southampton-pa,https://www.delcotechdivision.com/?src=sms&biz=Carney%20All%20Seasons&to=12154788255
12154540001,Home Rangers LLC,"667 Mary St, Warminster, PA 18974, USA",https://www.callhomerangers.com/?utm_source=google&utm_medium=organic&utm_campaign=gbp,https://www.delcotechdivision.com/?src=sms&biz=Home%20Rangers%20LLC&to=12154540001
12156881093,Jackson Mechanical LLC HVAC,"3442 Binny Rd, Doylestown, PA 18902, USA",https://jacksonmechanicalllc.com/,https://www.delcotechdivision.com/?src=sms&biz=Jackson%20Mechanical%20LLC%20HVAC&to=12156881093
12676997176,Family Heating & Air Conditioning,"41 University Dr, Newtown, PA 18940, USA",https://familyhvac.com/,https://www.delcotechdivision.com/?src=sms&biz=Family%20Heating%20%26%20Air%20Conditioning&to=12676997176
12156744001,M. J. Mac Inc.,"48 Vincent Cir Unit D, Ivyland, PA 18974, USA",http://www.mjmac.com/,https://www.delcotechdivision.com/?src=sms&biz=M.%20J.%20Mac%20Inc.&to=12156744001
12152453200,ECI Comfort,"1115 W Gillam Ave, Langhorne, PA 19047, USA",http://www.ecicomfort.com/,https://www.delcotechdivision.com/?src=sms&biz=ECI%20Comfort&to=12152453200
16093739707,AAC Heating & Cooling,"6 Penns Trail, Newtown, PA 18940, USA",https://aacheatingandcoolingservices.com/,https://www.delcotechdivision.com/?src=sms&biz=AAC%20Heating%20%26%20Cooling&to=16093739707
18885463464,Infinite Mechanical LLC,"402 Avenue B, Horsham, PA 19044, USA",http://infinitemechanical.services/,https://www.delcotechdivision.com/?src=sms&biz=Infinite%20Mechanical%20LLC&to=18885463464
12159569400,J.A. Smith Heating & Air Conditioning Inc,"360 Patricia Dr, Warminster, PA 18974, USA",http://jasmithheating.com/,https://www.delcotechdivision.com/?src=sms&biz=J.A.%20Smith%20Heating%20%26%20Air%20Conditioning%20Inc&to=12159569400
12679050969,Xtreme Mechanical,"97 Ridge Rd STE L, Telford, PA 18969, USA",https://www.xtrememechanicalhvac.com/?utm_source=google&utm_medium=organic&utm_campaign=gbp,https://www.delcotechdivision.com/?src=sms&biz=Xtreme%20Mechanical&to=12679050969
12159149149,"Dowd Mechanical, Heating & Air Conditioning Inc","2515 Easton Rd, Hatboro, PA 19040, USA",https://www.dowdhvac.com/?utm_source=google&utm_medium=organic&utm_campaign=GMBListing-Hatboro-PA,https://www.delcotechdivision.com/?src=sms&biz=Dowd%20Mechanical%2C%20Heating%20%26%20Air%20Conditioning%20Inc&to=12159149149
12678156344,"MC Heating, Cooling, Electrical","3 Hulme Ave, Hulmeville, PA 19047, USA",,https://www.delcotechdivision.com/?src=sms&biz=MC%20Heating%2C%20Cooling%2C%20Electrical&to=12678156344
12153226884,"Central Plumbing, Heating & Air Conditioning","950 Industrial Blvd, Southampton, PA 18966, USA",https://centralplumbinghvac.com/,https://www.delcotechdivision.com/?src=sms&biz=Central%20Plumbing%2C%20Heating%20%26%20Air%20Conditioning&to=12153226884
12157023970,Nu-Temp Heating & Cooling,"4009A Brownsville Rd, Feasterville-Trevose, PA 19053, USA",https://www.nutemphvac.com/,https://www.delcotechdivision.com/?src=sms&biz=Nu-Temp%20Heating%20%26%20Cooling&to=12157023970
12159454833,JC Heating & Cooling,"181 Fallsington-Tullytown Rd, Levittown, PA 19054, USA",https://www.jcheat.com/?utm_source=google&utm_medium=organic&utm_campaign=gbp,https://www.delcotechdivision.com/?src=sms&biz=JC%20Heating%20%26%20Cooling&to=12159454833
12672974042,CDO Heating and Air Inc.,"1317 Second Street Pike, Richboro, PA 18954, USA",https://cdohvac.com/?utm_campaign=gmb,https://www.delcotechdivision.com/?src=sms&biz=CDO%20Heating%20and%20Air%20Inc.&to=12672974042
12155719471,"Air Dynamics HVAC, LLC","3901 Nebraska St Suite A, Newportville, PA 19056, USA",http://www.airdynamicscares.com/,https://www.delcotechdivision.com/?src=sms&biz=Air%20Dynamics%20HVAC%2C%20LLC&to=12155719471
12672271109,Dilling Heating & Cooling,"3494 Progress Dr B, Bensalem, PA 19020, USA",https://dillinghvac.com/?utm_source=gmb&utm_medium=organic&utm_campaign=gmb,https://www.delcotechdivision.com/?src=sms&biz=Dilling%20Heating%20%26%20Cooling&to=12672271109
12672825649,Hughes Heating and Cooling,"2031 Stout Dr #2, Warminster, PA 18974, USA",http://www.hugheshvacservice.com/,https://www.delcotechdivision.com/?src=sms&biz=Hughes%20Heating%20and%20Cooling&to=12672825649
12157577505,Good Air Conditioning and Heating Co,"1956 W Maple Ave, Langhorne, PA 19047, USA",https://goodac.com/,https://www.delcotechdivision.com/?src=sms&biz=Good%20Air%20Conditioning%20and%20Heating%20Co&to=12157577505
12672341350,Retro HVAC Service & Installation LLC,"671a Mary St, Warminster, PA 18974, USA",https://retrohvacllc.com/?utm_source=google&utm_medium=organic&utm_campaign=gbp-profile,https://www.delcotechdivision.com/?src=sms&biz=Retro%20HVAC%20Service%20%26%20Installation%20LLC&to=12672341350
12677985005,H.T.R. Mechanical LLC Heating and Cooling,"3029 Veterans Hwy #413, Bristol, PA 19007, USA",https://htrmechanical.com/,https://www.delcotechdivision.com/?src=sms&biz=H.T.R.%20Mechanical%20LLC%20Heating%20and%20Cooling&to=12677985005
16105655444,Angel Heating & Cooling,"1810 Mearns Rd, Warminster, PA 18974, USA",https://www.angelhvac.com/,https://www.delcotechdivision.com/?src=sms&biz=Angel%20Heating%20%26%20Cooling&to=16105655444
12159444400,John Air,"2049 Stout Dr unit b-3, Warminster, PA 18974, USA",,https://www.delcotechdivision.com/?src=sms&biz=John%20Air&to=12159444400
12153176099,"Legendair, LLC","1836 Stout Dr Unit 16, Warminster, PA 18974, USA",http://legendairhvac.com/,https://www.delcotechdivision.com/?src=sms&biz=Legendair%2C%20LLC&to=12153176099
12159646683,Drew's Crew Heating & Air LLC,"12 Penns Trail, Newtown, PA 18940, USA",https://drewscrew.net/,https://www.delcotechdivision.com/?src=sms&biz=Drew%27s%20Crew%20Heating%20%26%20Air%20LLC&to=12159646683
14847042275,Carl Volkman And Sons HVAC LLC,"468 Maple Rd, Hellertown, PA 18055, USA",https://www.carlvolkmansons.com/,https://www.delcotechdivision.com/?src=sms&biz=Carl%20Volkman%20And%20Sons%20HVAC%20LLC&to=14847042275
12157992323,"Laser Heating & Cooling, Inc.","4212 Bethlehem Pike, Telford, PA 18969, USA",https://laserhomecomfort.com/,https://www.delcotechdivision.com/?src=sms&biz=Laser%20Heating%20%26%20Cooling%2C%20Inc.&to=12157992323
12156381800,Custom Aire Inc,"962 Bristol Pike, Bensalem, PA 19020, USA",https://customaire.com/,https://www.delcotechdivision.com/?src=sms&biz=Custom%20Aire%20Inc&to=12156381800
